<?xml version="1.0" encoding="utf-8"?>
<eml:eml xmlns:eml="https://eml.ecoinformatics.org/eml-2.2.0" xmlns:xsi="http://www.w3.org/2001/XMLSchema-instance"
         xsi:schemaLocation="https://eml.ecoinformatics.org/eml-2.2.0 https://rs.gbif.org/schema/eml-gbif-profile/1.3/eml.xsd"
packageId="04871911-1b00-41f3-8dc6-fc0cea421f96"  system="http://gbif.org" scope="system"
xml:lang="en">
    <dataset>
        <alternateIdentifier>10.15468/dc2dyg</alternateIdentifier>
        <alternateIdentifier>04871911-1b00-41f3-8dc6-fc0cea421f96</alternateIdentifier>
        <alternateIdentifier>https://ipt.biodiversity.be/resource?r=demnaew</alternateIdentifier>
        <title>DEMNA-DNE : Early warning system on Introduced Species in Wallonia</title>
        <creator>
            <individualName>
                <givenName>Yvan</givenName>
                <surName>Barbier</surName>
            </individualName>
            <organizationName>Department d&apos;étude du milieu naturel et agricole</organizationName>
            <positionName>Biodiversity Expert/IT manager</positionName>
            <address>
                <deliveryPoint>Avenue Maréchal Juin 23</deliveryPoint>
                <city>Gembloux</city>
                <administrativeArea>Namur</administrativeArea>
                <postalCode>5030</postalCode>
                <country>BELGIUM</country>
            </address>
            <electronicMailAddress>yvan.barbier@spw.wallonie.be</electronicMailAddress>
        </creator>
        <creator>
            <individualName>
                <givenName>Maxime</givenName>
                <surName>Coupremanne</surName>
            </individualName>
            <organizationName>Belgian Biodiversity Platform - DEMNA</organizationName>
            <positionName>Data liaison officer</positionName>
            <address>
                <deliveryPoint>Boulevard Simon Bolivar, 30</deliveryPoint>
                <city>bruxelles</city>
                <administrativeArea>Brussels</administrativeArea>
                <postalCode>1000</postalCode>
                <country>BELGIUM</country>
            </address>
            <electronicMailAddress>m.coupremanne@biodiversity.be</electronicMailAddress>
            <userId directory="http://orcid.org/">0000-0002-9052-9500</userId>
        </creator>
        <creator>
            <individualName>
                <givenName>Etienne</givenName>
                <surName>Branquart</surName>
            </individualName>
            <organizationName>Department d&apos;étude du milieu naturel et agricole</organizationName>
            <positionName>Biodiveristy expert</positionName>
            <address>
                <deliveryPoint>Avenue Maréchal Juin 23</deliveryPoint>
                <city>Gembloux</city>
                <administrativeArea>Namur</administrativeArea>
                <postalCode>5030</postalCode>
                <country>BELGIUM</country>
            </address>
            <electronicMailAddress>etienne.branquart@spw.wallonie.be</electronicMailAddress>
        </creator>
        <creator>
            <individualName>
                <givenName>Sonia</givenName>
                <surName>Vanderhoeven</surName>
            </individualName>
            <organizationName>Belgian Biodiversity Platform - DEMNA</organizationName>
            <positionName>Biodiveristy Expert</positionName>
            <address>
                <deliveryPoint>Boulevard Simon Bolivar, 30</deliveryPoint>
                <city>Brussels</city>
                <administrativeArea>Brussels</administrativeArea>
                <postalCode>1000</postalCode>
                <country>BELGIUM</country>
            </address>
        </creator>
        <metadataProvider>
            <individualName>
                <givenName>Maxime</givenName>
                <surName>Coupremanne</surName>
            </individualName>
            <organizationName>Belgian Biodiversity Platform</organizationName>
            <positionName>Data Liaison officer</positionName>
            <address>
                <deliveryPoint>Avenue Maréchal Juin 23</deliveryPoint>
                <city>Gembloux</city>
                <administrativeArea>Namur</administrativeArea>
                <postalCode>5030</postalCode>
                <country>BELGIUM</country>
            </address>
            <electronicMailAddress>m.coupremanne@biodiversity.be</electronicMailAddress>
            <userId directory="http://orcid.org/">0000-0002-9052-9500</userId>
        </metadataProvider>
        <associatedParty>
            <individualName>
                <givenName>Sonia</givenName>
                <surName>Vanderhoeven</surName>
            </individualName>
            <organizationName>Belgian Biodiversity Platform</organizationName>
            <positionName>Science officer</positionName>
            <address>
                <deliveryPoint>Boulevard Simon Bolivar, 30</deliveryPoint>
                <city>Brussels</city>
                <postalCode>1000</postalCode>
                <country>BELGIUM</country>
            </address>
            <electronicMailAddress>s.vanderhoeven@biodiversity.be</electronicMailAddress>
            <userId directory="http://orcid.org/">0000-0002-6298-5373</userId>
            <role>CONTENT_PROVIDER</role>
        </associatedParty>
        <associatedParty>
            <individualName>
                <givenName>Adrien</givenName>
                <surName>Latli</surName>
            </individualName>
            <organizationName>Department d&apos;étude du milieu naturel et agricole</organizationName>
            <positionName>Science officer</positionName>
            <address>
                <deliveryPoint>Avenue Maréchal Juin 23</deliveryPoint>
                <city>Gembloux</city>
                <administrativeArea>Namur</administrativeArea>
                <postalCode>5030</postalCode>
                <country>BELGIUM</country>
            </address>
            <electronicMailAddress>adrien.latli@spw.wallonie.be</electronicMailAddress>
            <userId directory="http://orcid.org/">0000-0001-6640-5930</userId>
            <role>CONTENT_PROVIDER</role>
        </associatedParty>
        <associatedParty>
            <individualName>
                <givenName>Etienne</givenName>
                <surName>Branquart</surName>
            </individualName>
            <organizationName>Department d&apos;étude du milieu naturel et agricole</organizationName>
            <positionName>Science Officer</positionName>
            <address>
                <deliveryPoint>Avenue Maréchal Juin 23</deliveryPoint>
                <city>Gembloux</city>
                <administrativeArea>Namur</administrativeArea>
                <postalCode>5030</postalCode>
                <country>BELGIUM</country>
            </address>
            <electronicMailAddress>etienne.branquart@spw.wallonie.be</electronicMailAddress>
            <role>CONTENT_PROVIDER</role>
        </associatedParty>
        <pubDate>
                2025-04-17
        </pubDate>
        <language>ENGLISH</language>
        <abstract>
            <para>Early warning system on Introduced Species in Wallonia is a presence-only dataset aimed to deliver in real time the occurrence records of introduced species within Wallonia. Data are aggregated from various online recording systems that are maintenaid by the Département d&amp;#39;Étude du Milieu Naturel et Agricole (SPW-DEMNA).</para><para>Among these encoding systems, we find OFFH (Observations Faune Flore Habitats), the main occurrence encoding platform for the department experts and partners. But also specific surveys on exotic species (e.g. on the Giant Hogweed) open to the general public and thus based on citizen participation.</para><para>As this dataset aims to feed an alert system on exotic species, it also include non-validated data and attention should be paid to the validation status of the records!</para><para>If you have any return or remark, please do not hesitate to contact the Department for further details.</para>
        </abstract>
        <keywordSet>
            <keyword>Occurrence;Occurrence;Introduced species;Wallonia;Belgium;RIPARIAS;DEMNA;SPW;Invasive species</keyword>
            <keywordThesaurus>GBIF Dataset Type Vocabulary: http://rs.gbif.org/vocabulary/gbif/dataset_type_2015-07-10.xml</keywordThesaurus>
        </keywordSet>
        <keywordSet>
            <keyword>Observation</keyword>
            <keywordThesaurus>GBIF Dataset Subtype Vocabulary: http://rs.gbif.org/vocabulary/gbif/dataset_subtype.xml</keywordThesaurus>
        </keywordSet>
        <intellectualRights>
            <para>This work is licensed under a <ulink url="http://creativecommons.org/licenses/by/4.0/legalcode"><citetitle>Creative Commons Attribution (CC-BY) 4.0 License</citetitle></ulink>.</para>
        </intellectualRights>
        <licensed>
            <licenseName>Creative Commons Attribution 4.0 International</licenseName>
            <url>https://spdx.org/licenses/CC-BY-4.0.html</url>
            <identifier>CC-BY-4.0</identifier>
        </licensed>
        <distribution scope="document">
            <online>
                <url function="download">https://ipt.biodiversity.be/archive.do?r=demnaew</url>
            </online>
        </distribution>
        <coverage>
            <taxonomicCoverage>
                <generalTaxonomicCoverage>introduced species from Wallonia. The dataset covers both plant and animal species mentionned as non native by the Global Register of Introduced and Invasive Species - Belgium, and within other shorter listings. As mentionned in the basic metadata, this watch list also includes taxa that should not be considered as invasive for the entire wallonia/Belgium but from which the distribution dynamics are monitored.</generalTaxonomicCoverage>
                <taxonomicClassification>
                    <taxonRankName>Kingdom</taxonRankName>
                    <taxonRankValue>Animalia Linnaeus, 1758</taxonRankValue>
                    <commonName>Animals, Metazoan</commonName>
                </taxonomicClassification>
                <taxonomicClassification>
                    <taxonRankName>Kingdom</taxonRankName>
                    <taxonRankValue>Haeckel (1866)</taxonRankValue>
                    <commonName>Plants</commonName>
                </taxonomicClassification>
            </taxonomicCoverage>
        </coverage>
        <purpose><para>This dataset aims to feed a GBIF-mediated early warning system on introduced or invasive species within belgium in the framework of the LIFE RIPARIAS project.</para></purpose>
        <maintenance>
            <description>
                <para>Daily automated update.</para>
            </description>
            <maintenanceUpdateFrequency>unkown</maintenanceUpdateFrequency>
        </maintenance>
        <contact>
            <individualName>
                <givenName>Maxime</givenName>
                <surName>Coupremanne</surName>
            </individualName>
            <organizationName>Belgian Biodiversity Platform - DEMNA</organizationName>
            <positionName>Data liaison officer</positionName>
            <address>
                <deliveryPoint>Boulevard Simon Bolivar 30</deliveryPoint>
                <city>Brussels</city>
                <administrativeArea>Brussels</administrativeArea>
                <postalCode>1000</postalCode>
                <country>BELGIUM</country>
            </address>
            <electronicMailAddress>m.coupremanne@biodiversity.be</electronicMailAddress>
            <userId directory="http://orcid.org/">0000-0002-9052-9500</userId>
        </contact>
        <contact>
            <individualName>
                <givenName>Yvan</givenName>
                <surName>Barbier</surName>
            </individualName>
            <organizationName>Department d&apos;étude du milieu naturel et agricole</organizationName>
            <positionName>Biodiversity Expert/IT manager</positionName>
            <address>
                <deliveryPoint>23 Avenue Maréchal Juin</deliveryPoint>
                <city>Gembloux</city>
                <administrativeArea>Namur</administrativeArea>
                <postalCode>5030</postalCode>
                <country>BELGIUM</country>
            </address>
            <electronicMailAddress>yvan.barbier@spw.wallonie.be</electronicMailAddress>
        </contact>
        <methods>
            <methodStep>
                <description>
                    <para>Field data collection from various protocols and frameworks</para>
                </description>
            </methodStep>
            <methodStep>
                <description>
                    <para>Encoding in departement data systems (OFFH,&apos;enquêtes invasives, etc.)</para>
                </description>
            </methodStep>
            <methodStep>
                <description>
                    <para>Automated fusion of records from the various systems</para>
                </description>
            </methodStep>
            <methodStep>
                <description>
                    <para>API for a DWC-formatted exports of exotics species records, updated daily</para>
                </description>
            </methodStep>
            <sampling>
                <studyExtent>
                    <description>
                        <para>Wallonia, southern Belgium. Data derives from diverse encoding facilities, all managed by the Département d&apos;Etude du Milieu Naturel et Agricole (SPW-DEMNA).</para>
                    </description>
                </studyExtent>
                <samplingDescription>
                    <para>Data are derived from a variety of contexts, including structured or targeted inventories conducted by the Department&apos;s experts and partners, their opportunistic observations, as well as citizen science via online survey modules targeting invasives and facilitating their participatory monitoring</para>
                </samplingDescription>
            </sampling>
            <qualityControl>
                <description>
                    <para>Validation of each record is an important part of DEMNA-SPW&apos;s data policy.  All raw records are submitted to a validation by biodiversity experts of the department. This validation can be based on a photo, on the observer&apos;s expertise or on plausibility. However, as this dataset serves as an early warning system, it also contains UNVALIDATED data and special attention must be paid to the identificationVerificationStatus field.</para>
                </description>
            </qualityControl>
        </methods>

            <project id="LIFE RIPARIAS">
                <title>Reaching Integrated and Prompt Action in Response to Invasive Alien Species (LIFE RIPARIAS)</title>
                <personnel>
                    <individualName>
                    <givenName>Tim</givenName>
                    <surName>Adriaens</surName>
                    </individualName>
            <userId directory="https://orcid.org/">0000-0001-7268-4200</userId>
                    <role>AUTHOR</role>
                </personnel>
                <personnel>
                    <individualName>
                    <givenName>Etienne</givenName>
                    <surName>Branquart</surName>
                    </individualName>
                    <role>AUTHOR</role>
                </personnel>
                <personnel>
                    <individualName>
                    <givenName>Peter</givenName>
                    <surName>Desmet</surName>
                    </individualName>
            <userId directory="https://orcid.org/">0000-0002-8442-8025</userId>
                    <role>ADMINISTRATIVE_POINT_OF_CONTACT</role>
                </personnel>
                <personnel>
                    <individualName>
                    <givenName>Dido</givenName>
                    <surName>Gosse</surName>
                    </individualName>
                    <role>AUTHOR</role>
                </personnel>
                <personnel>
                    <individualName>
                    <givenName>Jérémie</givenName>
                    <surName>Guyon</surName>
                    </individualName>
                    <role>AUTHOR</role>
                </personnel>
                <personnel>
                    <individualName>
                    <givenName>Damiano</givenName>
                    <surName>Oldoni</surName>
                    </individualName>
            <userId directory="https://orcid.org/">0000-0003-3445-7562</userId>
                    <role>ADMINISTRATIVE_POINT_OF_CONTACT</role>
                </personnel>
                <personnel>
                    <individualName>
                    <givenName>Lien</givenName>
                    <surName>Reyserhove</surName>
                    </individualName>
            <userId directory="https://orcid.org/">0000-0001-7484-9267</userId>
                    <role>AUTHOR</role>
                </personnel>
                <personnel>
                    <individualName>
                    <givenName>Sonia</givenName>
                    <surName>Vanderhoeven</surName>
                    </individualName>
            <userId directory="https://orcid.org/">0000-0002-6298-5373</userId>
                    <role>ADMINISTRATIVE_POINT_OF_CONTACT</role>
                </personnel>
                <personnel>
                    <individualName>
                    <givenName>Xavier</givenName>
                    <surName>Vermeersch</surName>
                    </individualName>
            <userId directory="https://orcid.org/">0000-0003-1752-8226</userId>
                    <role>PRINCIPAL_INVESTIGATOR</role>
                </personnel>
                <abstract>
                    <para>The spread of invasive alien species (IAS) is not hampered by administrative borders. Aquatic IAS, in particular, spread rapidly through the hydrographic network. To effectively control such species requires coordinated management at higher spatial scales. LIFE RIPARIAS (Reaching Integrated and Prompt Action in Response to Invasive Alien Species) aims to achieve such coordination across regional borders in Belgium, supported by open data and open infrastructure for early warning and management reporting. 
LIFE RIPARIAS aims at improving decision making on IAS management, early warning systems and management reporting tools. To this end, it develops an evidence-based workflow, translating national management objectives into concrete actions in an efficient manner. 
Ultimately the project aims at increasing the conservation status of aquatic and riparian habitats. 
More information on LIFE RIPARIAS is available at the project homepage: https://www.riparias.be/. You can also follow LIFE RIPARIAS on Twitter (@LIFEriparias) and Facebook (LIFE Riparias).

We have released this dataset to the public domain under a Creative Commons Attribution. We would appreciate it if you follow the GBIF citation guidelines (https://www.gbif.org/citation-guidelines) when using the data. If you have any questions regarding this dataset, don&apos;t hesitate to contact us via the contact information provided in the metadata or via www.riparias.be.</para>
                </abstract>
                <funding>
                    <para>LIFE RIPARIAS is co-funded by the three Belgian regions and the European Union in the framework of the LIFE Programme (LIFE19 NAT/BE/000953). It is running from 2021 to 2026.</para>
                </funding>
                <studyAreaDescription>
                    <descriptor name="generic" citableClassificationSystem="false">
                        <descriptorValue>Dijle, Mark and Zenne river basin of the Scheldt district, Belgium.</descriptorValue>
                    </descriptor>
                </studyAreaDescription>
                <designDescription>
                    <description>
                        <para>LIFE RIPARIAS focuses on aquatic and riparian plants as well as crayfish species located in the Dijle, Mark and Zenne river basin of the Scheldt district in Belgium. Cumulative observation data collected in 2000-2015, completed by data gathered from field surveillance in 2021-2022, will provide the baseline to design management objectives and define quantitative targets.</para>
                    </description>
                </designDescription>
            </project>
    </dataset>

    <additionalMetadata>
        <metadata>
            <gbif>
                <dateStamp>2025-09-18T14:32:20Z</dateStamp>
                <citation>Barbier Y, Coupremanne M, Branquart E, Vanderhoeven S (2025). DEMNA-DNE : Early warning system on Introduced Species in Wallonia. Version 1.903. Service Public de Wallonie – Département d’Etude du Milieu Naturel et Agricole (SPW – DEMNA). Occurrence dataset https://doi.org/10.15468/dc2dyg accessed via GBIF.org on 2025-09-18.</citation>
                <bibliography>
                <citation identifier="https://www.riparias.be/358">Branquart E., Adriaens T., Devisscher S., D’hondt B., Denys L., Dumortier A., Latli A., Packet J., Scheers K., Vanderhoeven S. &amp; Willeput R. (2021) Belgian alert lists of alien aquatic plants and crayfish. Report prepared in support of implementing action A1 of the LIFE RIPARIAS project LIFE19 NAT/BE/000953, 15 pages.</citation>
                </bibliography>
                <livingTimePeriod>1978 to now</livingTimePeriod>
            </gbif>
        </metadata>
    </additionalMetadata>
    </eml:eml>
