<?xml version="1.0" encoding="utf-8"?>
<eml:eml xmlns:eml="https://eml.ecoinformatics.org/eml-2.2.0" xmlns:xsi="http://www.w3.org/2001/XMLSchema-instance"
         xsi:schemaLocation="https://eml.ecoinformatics.org/eml-2.2.0 https://rs.gbif.org/schema/eml-gbif-profile/1.3/eml.xsd"
packageId="ea95fd9b-58dc-4e48-b51f-9380e9804607"  system="http://gbif.org" scope="system"
xml:lang="en">
    <dataset>
        <alternateIdentifier>10.15468/2hqkqn</alternateIdentifier>
        <alternateIdentifier>https://ipt.inbo.be/resource?r=invasive-bullfrog-occurrences</alternateIdentifier>
        <alternateIdentifier>ea95fd9b-58dc-4e48-b51f-9380e9804607</alternateIdentifier>
        <alternateIdentifier>http://data.inbo.be/ipt/resource?r=invasive-bullfrog-occurrences</alternateIdentifier>
        <title>Invasive species - American bullfrog (Lithobates catesbeianus) in Flanders, Belgium</title>
        <creator>
            <individualName>
                <givenName>Sander</givenName>
                <surName>Devisscher</surName>
            </individualName>
            <organizationName>Research Institute for Nature and Forest (INBO)</organizationName>
            <positionName>Research assistant</positionName>
            <address>
                <deliveryPoint>Kliniekstraat 25</deliveryPoint>
                <city>Brussels</city>
                <administrativeArea>Brussels Capital Region</administrativeArea>
                <postalCode>1070</postalCode>
                <country>BELGIUM</country>
            </address>
            <electronicMailAddress>faunabeheer@inbo.be</electronicMailAddress>
        </creator>
        <creator>
            <individualName>
                <givenName>Tim</givenName>
                <surName>Adriaens</surName>
            </individualName>
            <organizationName>Research Institute for Nature and Forest (INBO)</organizationName>
            <positionName>Researcher</positionName>
            <address>
                <deliveryPoint>Kliniekstraat 25</deliveryPoint>
                <city>Brussels</city>
                <administrativeArea>Brussels Capital Region</administrativeArea>
                <postalCode>1070</postalCode>
                <country>BELGIUM</country>
            </address>
            <electronicMailAddress>tim.adriaens@inbo.be</electronicMailAddress>
            <userId directory="http://orcid.org/">0000-0001-7268-4200</userId>
        </creator>
        <creator>
            <individualName>
                <givenName>Gerald</givenName>
                <surName>Louette</surName>
            </individualName>
            <organizationName>Research Institute for Nature and Forest (INBO)</organizationName>
            <positionName>Researcher</positionName>
            <address>
                <deliveryPoint>Kliniekstraat 25</deliveryPoint>
                <city>Brussels</city>
                <administrativeArea>Brussels Capital Region</administrativeArea>
                <postalCode>1070</postalCode>
                <country>BELGIUM</country>
            </address>
            <electronicMailAddress>gerald.louette@inbo.be</electronicMailAddress>
        </creator>
        <creator>
            <individualName>
                <givenName>Dimitri</givenName>
                <surName>Brosens</surName>
            </individualName>
            <organizationName>Research Institute for Nature and Forest (INBO)</organizationName>
            <positionName>Data liaison officer</positionName>
            <address>
                <deliveryPoint>Kliniekstraat 25</deliveryPoint>
                <city>Brussels</city>
                <administrativeArea>Brussels Capital Region</administrativeArea>
                <postalCode>1070</postalCode>
                <country>BELGIUM</country>
            </address>
            <electronicMailAddress>dimitri.brosens@inbo.be</electronicMailAddress>
            <onlineUrl>http://www.biodiversity.be</onlineUrl>
            <userId directory="http://orcid.org/">0000-0002-0846-9116</userId>
        </creator>
        <creator>
            <individualName>
                <givenName>Peter</givenName>
                <surName>Desmet</surName>
            </individualName>
            <organizationName>Research Institute for Nature and Forest (INBO)</organizationName>
            <positionName>Data lab coordinator</positionName>
            <address>
                <deliveryPoint>Kliniekstraat 25</deliveryPoint>
                <city>Brussels</city>
                <administrativeArea>Brussels Capital Region</administrativeArea>
                <postalCode>1070</postalCode>
                <country>BELGIUM</country>
            </address>
            <electronicMailAddress>peter.desmet@inbo.be</electronicMailAddress>
            <onlineUrl>http://lifewatch.inbo.be</onlineUrl>
            <userId directory="http://orcid.org/">0000-0002-8442-8025</userId>
        </creator>
        <metadataProvider>
            <individualName>
                <givenName>Sander</givenName>
                <surName>Devisscher</surName>
            </individualName>
            <organizationName>Research Institute for Nature and Forest (INBO)</organizationName>
            <positionName>Research assistant</positionName>
            <address>
                <deliveryPoint>Kliniekstraat 25</deliveryPoint>
                <city>Brussels</city>
                <administrativeArea>Brussels Capital Region</administrativeArea>
                <postalCode>1070</postalCode>
                <country>BELGIUM</country>
            </address>
            <electronicMailAddress>faunabeheer@inbo.be</electronicMailAddress>
        </metadataProvider>
        <metadataProvider>
            <individualName>
                <givenName>Tim</givenName>
                <surName>Adriaens</surName>
            </individualName>
            <organizationName>Research Institute for Nature and Forest (INBO)</organizationName>
            <positionName>Researcher</positionName>
            <address>
                <deliveryPoint>Kliniekstraat 25</deliveryPoint>
                <city>Brussels</city>
                <administrativeArea>Brussels Capital Region</administrativeArea>
                <postalCode>1070</postalCode>
                <country>BELGIUM</country>
            </address>
            <electronicMailAddress>tim.adriaens@inbo.be</electronicMailAddress>
            <userId directory="http://orcid.org/">0000-0001-7268-4200</userId>
        </metadataProvider>
        <metadataProvider>
            <individualName>
                <givenName>Dimitri</givenName>
                <surName>Brosens</surName>
            </individualName>
            <organizationName>Research Institute for Nature and Forest (INBO)</organizationName>
            <positionName>Data liaison officer</positionName>
            <address>
                <deliveryPoint>Kliniekstraat 25</deliveryPoint>
                <city>Brussels</city>
                <administrativeArea>Brussels Capital Region</administrativeArea>
                <postalCode>1070</postalCode>
                <country>BELGIUM</country>
            </address>
            <electronicMailAddress>dimitri.brosens@inbo.be</electronicMailAddress>
            <onlineUrl>http://www.biodiversity.be</onlineUrl>
            <userId directory="http://orcid.org/">0000-0002-0846-9116</userId>
        </metadataProvider>
        <metadataProvider>
            <individualName>
                <givenName>Peter</givenName>
                <surName>Desmet</surName>
            </individualName>
            <organizationName>Research Institute for Nature and Forest (INBO)</organizationName>
            <positionName>Data lab coordinator</positionName>
            <address>
                <deliveryPoint>Kliniekstraat 25</deliveryPoint>
                <city>Brussels</city>
                <administrativeArea>Brussels Capital Region</administrativeArea>
                <postalCode>1070</postalCode>
                <country>BELGIUM</country>
            </address>
            <electronicMailAddress>peter.desmet@inbo.be</electronicMailAddress>
            <onlineUrl>http://lifewatch.inbo.be</onlineUrl>
            <userId directory="http://orcid.org/">0000-0002-8442-8025</userId>
        </metadataProvider>
        <pubDate>
                2025-05-15
        </pubDate>
        <language>ENGLISH</language>
        <abstract>
            <para>Invasive species - American bullfrog (Lithobates catesbeianus) in Flanders, Belgium is a species occurrence dataset published by the Research Institute for Nature and Forest (INBO). The dataset contains over 7,500 occurrences (25% of which are American bullfrogs) sampled between 2010 until now, in the months April to October. The data are compiled from different sources at the INBO, but most of the occurrences were collected through fieldwork for the EU co-funded Interreg project INVEXO (http://www.invexo.eu). In this project, research was conducted on different methods for the management of American bullfrog populations, an alien invasive species in Belgium. Captured bullfrogs were almost always removed from the environment and humanely killed, while the other occurrences are recorded bycatch, which were released upon catch (see bibliography for detailed descriptions of the methods). Therefore, caution is advised when using these data for trend analysis, distribution range calculation, or other. Issues with the dataset can be reported at https://github.com/inbo/data-publication/tree/master/datasets/invasive-bullfrog-occurrences</para><para>We strongly believe an open attitude is essential for tackling the IAS problem (Groom et al. 2015). To allow anyone to use this dataset, we have released the data to the public domain under a Creative Commons Zero waiver (http://creativecommons.org/publicdomain/zero/1.0/). We would appreciate it however if you read and follow these norms for data use (http://www.inbo.be/en/norms-for-data-use) and provide a link to the original dataset (https://doi.org/10.15468/2hqkqn) whenever possible. If you use these data for a scientific paper, please cite the dataset following the applicable citation norms and/or consider us for co-authorship. We are always interested to know how you have used or visualized the data, or to provide more information, so please contact us via the contact information provided in the metadata, opendata&amp;#64;inbo.be or https://twitter.com/LifeWatchINBO.</para>
        </abstract>
        <keywordSet>
            <keyword>Occurrence</keyword>
            <keywordThesaurus>GBIF Dataset Type Vocabulary: http://rs.gbif.org/vocabulary/gbif/dataset_type.xml</keywordThesaurus>
        </keywordSet>
        <keywordSet>
            <keyword>Observation</keyword>
            <keywordThesaurus>GBIF Dataset Subtype Vocabulary: http://rs.gbif.org/vocabulary/gbif/dataset_subtype.xml</keywordThesaurus>
        </keywordSet>
        <keywordSet>
            <keyword>invasive alien species</keyword>
            <keyword>Flanders</keyword>
            <keyword>captures</keyword>
            <keyword>Lithobates catesbeianus</keyword>
            <keyword>management</keyword>
            <keyword>eradication</keyword>
            <keyword>American bullfrog</keyword>
            <keyword>Rana catesbeiana</keyword>
            <keyword>amphibians</keyword>
            <keyword>non-native species</keyword>
            <keywordThesaurus>n/a</keywordThesaurus>
        </keywordSet>
        <keywordSet>
            <keyword>Occurrence</keyword>
            <keywordThesaurus>GBIF Dataset Type Vocabulary: http://rs.gbif.org/vocabulary/gbif/dataset_type_2015-07-10.xml</keywordThesaurus>
        </keywordSet>
        <intellectualRights>
            <para>To the extent possible under law, the publisher has waived all rights to these data and has dedicated them to the <ulink url="http://creativecommons.org/publicdomain/zero/1.0/legalcode"><citetitle>Public Domain (CC0 1.0)</citetitle></ulink>. Users may copy, modify, distribute and use the work, including for commercial purposes, without restriction.</para>
        </intellectualRights>
        <licensed>
            <licenseName>Creative Commons Zero v1.0 Universal</licenseName>
            <url>https://spdx.org/licenses/CC0-1.0.html</url>
            <identifier>CC0-1.0</identifier>
        </licensed>
        <distribution scope="document">
            <online>
                <url function="information">https://www.inbo.be/nl/onderzoeksgroepen/faunabeheer</url>
            </online>
        </distribution>
        <distribution scope="document">
            <online>
                <url function="download">https://ipt.inbo.be/archive.do?r=invasive-bullfrog-occurrences</url>
            </online>
        </distribution>
        <coverage>
            <geographicCoverage>
                <geographicDescription>Flanders, Belgium. Most of the data originate from the province of Antwerp, as this province currently holds the main stronghold of the American bullfrog population.</geographicDescription>
                <boundingCoordinates>
                    <westBoundingCoordinate>2.54</westBoundingCoordinate>
                    <eastBoundingCoordinate>5.92</eastBoundingCoordinate>
                    <northBoundingCoordinate>51.51</northBoundingCoordinate>
                    <southBoundingCoordinate>50.68</southBoundingCoordinate>
                </boundingCoordinates>
            </geographicCoverage>
            <temporalCoverage>
                <rangeOfDates>
                    <beginDate>
                        <calendarDate>                2010-04-27
</calendarDate>
                    </beginDate>
                    <endDate>
                        <calendarDate>                2018
</calendarDate>
                    </endDate>
                </rangeOfDates>
            </temporalCoverage>
            <taxonomicCoverage>
                <generalTaxonomicCoverage>The sampling focus for this dataset is American bullfrog (Lithobates catesbeianus (Shaw 1802) syn. Rana catesbeiana Shaw 1802), which represents 25% of the occurrences. The other occurrences are recorded bycatch (native amphibians, fish, non-native crayfish, invertebrates).</generalTaxonomicCoverage>
                <taxonomicClassification>
                    <taxonRankName>Kingdom</taxonRankName>
                    <taxonRankValue>Animalia</taxonRankValue>
                    <commonName>animals</commonName>
                </taxonomicClassification>
                <taxonomicClassification>
                    <taxonRankName>Class</taxonRankName>
                    <taxonRankValue>Actinopterygii</taxonRankValue>
                    <commonName>ray-finned fishes</commonName>
                </taxonomicClassification>
                <taxonomicClassification>
                    <taxonRankName>Class</taxonRankName>
                    <taxonRankValue>Amphibia</taxonRankValue>
                    <commonName>amphibians</commonName>
                </taxonomicClassification>
                <taxonomicClassification>
                    <taxonRankName>Class</taxonRankName>
                    <taxonRankValue>Crustacea</taxonRankValue>
                    <commonName>Crustaceans</commonName>
                </taxonomicClassification>
                <taxonomicClassification>
                    <taxonRankName>Class</taxonRankName>
                    <taxonRankValue>Insecta</taxonRankValue>
                    <commonName>insects</commonName>
                </taxonomicClassification>
                <taxonomicClassification>
                    <taxonRankName>Species</taxonRankName>
                    <taxonRankValue>Lithobates catesbeianus</taxonRankValue>
                    <commonName>American bullfrog</commonName>
                </taxonomicClassification>
            </taxonomicCoverage>
        </coverage>
        <purpose><para>The increasing establishment of invasive alien species (IAS) present many challenges for policy makers, managers and researchers. An adequate response to IAS requires accurate and up-to-date information on their distribution. This information can only be provided if IAS data are available and usable by all. American bullfrog is a high profile IAS. Due to its broad global distribution and widespread effects on native biodiversity through various impact mechanisms, American bullfrog is listed as one of the top 100 most invasive alien species in the world by the IUCN (Lowe et al. 2000). The species is suspected to cause substantial ecological damage around large parts of the globe, exerting an additional pressure to already declining amphibian populations. Negative impacts on native biota entail competition, predation and the transmission of pathogens. Subsequently, in Europe, it is listed on the SEBI worst list of invasive non-native species with high impact on biodiversity, as well as the DAISIE list of the worst invasive aliens in Europe. For the same reasons, the species is included in the appendix to the Bern Convention recommendation n° 77 (1999) as a species which has proved to be a strong threat to biological diversity and for which eradication is strongly recommended. Moreover, the EU Wildlife Trade Regulation (338/97) Appendix B prohibits import of the species into the EU since December 1997. It is listed as a species of EU concern sensu the EU Regulation 1143/2014 on the prevention and management of the introduction and spread of IAS.

The data in this dataset are useful for scientific purposes such as distribution modelling, as well as early warning and rapid response protocols, but note that bullfrogs (40% of the occurrences) were almost always removed from the environment during the research and eradication campaign.</para></purpose>
        <maintenance>
            <description>
                <para></para>
            </description>
            <maintenanceUpdateFrequency>annually</maintenanceUpdateFrequency>
        </maintenance>
        <contact>
            <individualName>
                <givenName>Sander</givenName>
                <surName>Devisscher</surName>
            </individualName>
            <organizationName>Research Institute for Nature and Forest (INBO)</organizationName>
            <positionName>Research assistant</positionName>
            <address>
                <deliveryPoint>Kliniekstraat 25</deliveryPoint>
                <city>Brussels</city>
                <administrativeArea>Brussels Capital Region</administrativeArea>
                <postalCode>1070</postalCode>
                <country>BELGIUM</country>
            </address>
            <electronicMailAddress>faunabeheer@inbo.be</electronicMailAddress>
        </contact>
        <methods>
            <methodStep>
                <description>
                    <para>See above.</para>
                </description>
            </methodStep>
            <sampling>
                <studyExtent>
                    <description>
                        <para>Bullfrog infested ponds and lakes in Flanders, Belgium.</para>
                    </description>
                </studyExtent>
                <samplingDescription>
                    <para>Sampling occurs yearly between April and October. Most of the captures are made with paired fyke nets which are placed at the bottom of ponds and lakes for about 24 hours, but other methods are used as well (indicated in samplingProtocol). With each capture, the number of bullfrogs at each developmental stage is recorded (indicated in lifeStage), as well as bycatch species (native amphibians, fish, non-native crayfish, invertebrates) which were released upon catch. Also recorded are date, location, number of employees involved, and start and end time of the capture event.
Captures are conducted for research purposes (management efficiency, determination of population density, etc.) and the active management of bullfrogs. All captured bullfrogs (tadpoles and adults) are humanely killed following international and regional regulation (see bibliography for methods), except for the ponds 13353 to 13362, 13371, and 13372, where the bullfrogs were released for research purposes concerning passive management by introducing native predatory fish. During the INVEXO project (2010 - 2012) those larvae were marked for capture recapture purposes. During the post-INVEXO project (2013) captured (sub)adult bullfrogs received an unique marking on their hind toe webs for the same reason, as well as to receive insight into their movement.</para>
                </samplingDescription>
            </sampling>
            <qualityControl>
                <description>
                    <para>Data collection and species identifications were performed by professional scientists or research assistants. The data was encoded in the INBO Recorder6 instance. De data was mapped to Darwin Core using a custom SQL query. All species are validated against the INBO nameserver species lists.</para>
                </description>
            </qualityControl>
        </methods>

    </dataset>

    <additionalMetadata>
        <metadata>
            <gbif>
                <dateStamp>2025-09-18T14:32:17Z</dateStamp>
                <citation identifier="https://doi.org/10.15468/2hqkqn">Devisscher S, Adriaens T, Louette G, Brosens D, Desmet P (2025). Invasive species - American bullfrog (Lithobates catesbeianus) in Flanders, Belgium. Version 1.18. Research Institute for Nature and Forest (INBO). Occurrence dataset https://doi.org/10.15468/2hqkqn accessed via GBIF.org on 2025-09-18.</citation>
                <bibliography>
                <citation>Adriaens T (2013) Managing invasive aliens through habitat restoration and biomanipulation: The case of American Bullfrog Lithobates catesbeianus in Belgium. 2nd International Congress on Biological Invasions - Biological Invasions, Ecological Safety and Food Security. Abstract book p. 133 http://www.icbi2013.org/admin/down/201401171009122826.pdf</citation>
                <citation>Adriaens T, Devisscher S, Louette G (2013) Risk analysis of American bullfrog Lithobates catesbeianus (Shaw). Risk analysis report of non-native organisms in Belgium. Rapporten van het Instituut voor Natuur- en Bosonderzoek 2013 (INBO.R.2013.41). Instituut voor Natuur- en Bosonderzoek, Brussel. http://ias.biodiversity.be/species/risk</citation>
                <citation>Devisscher S, Adriaens T, De Vocht A, Descamps S, Hoogewijs M, Jooris R, van Delft J, Louette G (2012). Beheer van de stierkikker in Vlaanderen en Nederland. Rapporten van het Instituut voor Natuur- en Bosonderzoek 2012 (52). Instituut voor Natuur- en Bosonderzoek, Brussel. https://www.inbo.be/nl/publicatie/beheer-van-de-stierkikker-vlaanderen-en-nederland</citation>
                <citation>Devisscher S, Adriaens T, Jooris R, Louette G, Casaer J (2013) Opvolging van Amerikaanse stierkikker Lithobates catesbeianus in de provincie Antwerpen - Onderzoeksopdracht in het kader van post-Invexo Actieplan stierkikker. Rapporten van het Instituut voor Natuur- en Bosonderzoek 2013 (711500). Instituut voor Natuur- en Bosonderzoek, Brussel. https://www.inbo.be/nl/publicatie/opvolging-van-amerikaanse-stierkikker-lithobates-catesbeianus-de-provincie</citation>
                <citation>Devisscher S, Louette G, Adriaens T (2014) Current status and management of American bullfrog Lithobates catesbeianus in Flanders. Science for the new regulation Abstractbook: BENELUX Conference on invasive species. p. 47 https://data.inbo.be/purews/files/6449340/Devisscher_etal_2014_In_Boets.pdf</citation>
                <citation identifier="https://doi.org/10.1071/WR11125">Louette G (2012) Use of a native predator for the control of an invasive amphibian. Wildlife Research, 39(3), 271-278. https://doi.org/10.1071/WR11125</citation>
                <citation>Louette G, Devisscher S, De Vocht A, Hoogewijs M, Jooris R, Adriaens T (2012) De Stierkikker in Vlaanderen: naar een gericht beheer van een invasieve exoot. Natuur.focus. 11(4), 144-149. http://www.natuurpunt.be/sites/default/files/documents/publication/natuur.focus_2012-4_de_stierkikker_in_vlaanderen._naar_een_gericht_beheer.pdf</citation>
                <citation identifier="https://doi.org/10.1007/s10344-012-0655-x">Louette G, Devisscher S, Adriaens T (2013) Control of invasive American bullfrog Lithobates catesbeianus in small shallow water bodies. European journal of wildlife research 59(1), 105-114. https://doi.org/10.1007/s10344-012-0655-x</citation>
                <citation identifier="https://doi.org/10.1007/s10344-014-0829-9">Louette G, Devisscher S, Adriaens T (2014) Combating adult invasive American bullfrog Lithobates catesbeianus. European journal of wildlife research, 60(4), 703-706. https://doi.org/10.1007/s10344-014-0829-9</citation>
                <citation>Lowe SJ, Browne M, Boudjelas S (2000) 100 of the world&apos;s worst invasive alien species: A selection from the Global Biodiversity Species Database. Auckland, New Zealand: Invasive Species Specialist Group (ISSG) http://www.issg.org/pdf/publications/worst_100/english_100_worst.pdf</citation>
                <citation identifier="https://doi.org/10.3391/mbi.2015.6.2.02">Groom QJ, Desmet P, Vanderhoeven S, Adriaens T (2015) The importance of open data for invasive alien species research, policy and management. Management of Biological Invasions (2015) Volume 6, Issue 2: 119–125 https://doi.org/10.3391/mbi.2015.6.2.02</citation>
                </bibliography>
                <resourceLogoUrl>https://ipt.inbo.be/logo.do?r=invasive-bullfrog-occurrences</resourceLogoUrl>
            </gbif>
        </metadata>
    </additionalMetadata>
    </eml:eml>
