<?xml version="1.0" encoding="utf-8"?>
<eml:eml xmlns:eml="https://eml.ecoinformatics.org/eml-2.2.0" xmlns:xsi="http://www.w3.org/2001/XMLSchema-instance"
         xsi:schemaLocation="https://eml.ecoinformatics.org/eml-2.2.0 https://rs.gbif.org/schema/eml-gbif-profile/1.3/eml.xsd"
packageId="db2cd6fc-a7d5-43ad-b944-8a663d57ae73"  system="http://gbif.org" scope="system"
xml:lang="en">
    <dataset>
        <alternateIdentifier>10.15468/xtppux</alternateIdentifier>
        <alternateIdentifier>https://ipt.naturalsciences.be/resource?r=be_rbins_invertebrates_crustacea</alternateIdentifier>
        <alternateIdentifier>db2cd6fc-a7d5-43ad-b944-8a663d57ae73</alternateIdentifier>
        <alternateIdentifier>http://ipt.naturalsciences.be/ipt/resource?r=be_rbins_invertebrates_crustacea</alternateIdentifier>
        <title>RBINS Crustacea collection</title>
        <creator>
            <individualName>
                <givenName>Yves</givenName>
                <surName>Samyn</surName>
            </individualName>
            <organizationName>Royal Belgian Institute for Natural Sciences  -  Department of Scientific Heritage Service</organizationName>
            <positionName>Curator</positionName>
            <address>
                <deliveryPoint>Vautierstraat 29</deliveryPoint>
                <city>Brussels</city>
                <postalCode>1000</postalCode>
                <country>BELGIUM</country>
            </address>
        </creator>
        <metadataProvider>
            <individualName>
                <givenName>Thomas</givenName>
                <surName>Vandenberghe</surName>
            </individualName>
            <organizationName>Royal Belgian Institute for Natural Sciences</organizationName>
            <positionName>Data manager</positionName>
            <address>
                <deliveryPoint>Vautierstraat 29</deliveryPoint>
                <city>Brussels</city>
                <postalCode>1000</postalCode>
                <country>BELGIUM</country>
            </address>
            <electronicMailAddress>tvandenberghe@naturalsciences.be</electronicMailAddress>
            <userId directory="http://orcid.org/">0000-0002-9269-6548</userId>
        </metadataProvider>
        <metadataProvider>
            <individualName>
                <givenName>Stijn</givenName>
                <surName>Cooleman</surName>
            </individualName>
            <organizationName>Belgian Biodiversity Platform</organizationName>
            <positionName>Biodiversity Data Officer</positionName>
            <address>
                <country>BELGIUM</country>
            </address>
            <electronicMailAddress>s.cooleman@biodiversity.be</electronicMailAddress>
            <userId directory="https://orcid.org/">0000-0003-3029-0451</userId>
        </metadataProvider>
        <metadataProvider>
            <individualName>
                <givenName>Franck</givenName>
                <surName>Theeten</surName>
            </individualName>
            <organizationName>Royal Museum for Central Africa</organizationName>
            <positionName>Database manager</positionName>
            <address>
                <country>BELGIUM</country>
            </address>
            <electronicMailAddress>franck.theeten@africamuseum.be</electronicMailAddress>
            <userId directory="https://orcid.org/">0000-0002-0626-538X</userId>
        </metadataProvider>
        <associatedParty>
            <individualName>
                <givenName>Patrick</givenName>
                <surName>Semal</surName>
            </individualName>
            <organizationName>Royal Belgian Institute for Natural Sciences</organizationName>
            <positionName>Head of Scientific Heritage</positionName>
            <address>
                <deliveryPoint>Vautierstraat 29</deliveryPoint>
                <city>Brussels</city>
                <postalCode>1000</postalCode>
                <country>BELGIUM</country>
            </address>
            <electronicMailAddress>psemal@naturalsciences.be</electronicMailAddress>
            <userId directory="http://orcid.org/">0000-0002-4048-7728</userId>
            <role>CONTENT_PROVIDER</role>
        </associatedParty>
        <associatedParty>
            <individualName>
                <givenName>Jean-Marc</givenName>
                <surName>Herpers</surName>
            </individualName>
            <organizationName>Royal Belgian Institute for Natural Sciences</organizationName>
            <positionName>Curator of digital data</positionName>
            <address>
                <city>Brussels</city>
                <country>BELGIUM</country>
            </address>
            <role>CUSTODIAN_STEWARD</role>
        </associatedParty>
        <pubDate>
                2025-03-13
        </pubDate>
        <language>ENGLISH</language>
        <abstract>
            <para>The RBINS has a rich collection of crustaceans. Within the class Malacostraca, we have large collections of decapods (crabs, shrimps, etc.), Euphausiacea (krill), Amphipoda (including eye-catching material from Antarctica), Cumacea (hooded shrimps), Isopoda, Mysida (opossum shrimps), and Tanaidae. Within the class Maxillopoda, our collection of copepods can safely be called impressive, with material from all over the world. The same is true of the class Ostracoda (seed shrimps), which has important freshwater and marine collections. Also the Branchiopoda (fairy shrimps, water fleas, etc.) are part of RBINS Recent Invertebrates collection.
In total, the RBINS holds more than 210,000 crustacean specimens, including a 7800-some types.</para>
        </abstract>
        <keywordSet>
            <keyword>DaRWIN</keyword>
            <keyword>Crustacea</keyword>
            <keyword>RBINS</keyword>
            <keyword>natural history collection</keyword>
            <keywordThesaurus>N/A</keywordThesaurus>
        </keywordSet>
        <keywordSet>
            <keyword>Occurrence</keyword>
            <keywordThesaurus>GBIF Dataset Type Vocabulary: http://rs.gbif.org/vocabulary/gbif/dataset_type.xml</keywordThesaurus>
        </keywordSet>
        <keywordSet>
            <keyword>Specimen</keyword>
            <keywordThesaurus>GBIF Dataset Subtype Vocabulary: http://rs.gbif.org/vocabulary/gbif/dataset_subtype.xml</keywordThesaurus>
        </keywordSet>
        <keywordSet>
            <keyword>Occurrence</keyword>
            <keywordThesaurus>GBIF Dataset Type Vocabulary: http://rs.gbif.org/vocabulary/gbif/dataset_type_2015-07-10.xml</keywordThesaurus>
        </keywordSet>
        <intellectualRights>
            <para>This work is licensed under a <ulink url="http://creativecommons.org/licenses/by-nc/4.0/legalcode"><citetitle>Creative Commons Attribution Non Commercial (CC-BY-NC) 4.0 License</citetitle></ulink>.</para>
        </intellectualRights>
        <licensed>
            <licenseName>Creative Commons Attribution Non Commercial 4.0 International</licenseName>
            <url>https://spdx.org/licenses/CC-BY-NC-4.0.html</url>
            <identifier>CC-BY-NC-4.0</identifier>
        </licensed>
        <distribution scope="document">
            <online>
                <url function="download">https://ipt.naturalsciences.be/archive.do?r=be_rbins_invertebrates_crustacea</url>
            </online>
        </distribution>
        <coverage>
            <geographicCoverage>
                <geographicDescription>Algeria, Angola, Antarctica, Argentina, Aruba, Australia, Austria, Bahamas, Belgium, Benin, Bolivia, Bosnia and Herzegovina, Botswana, Brazil, Bulgaria, Burundi, Cabo Verde, Cambodia, Cameroon, Canada, Cayman Islands, Chile, China, Colombia, Comoros, Congo, Costa Rica, Croatia, Cyprus, Czechia, Denmark, Djibouti, DR Congo, Ecuador, Egypt, Equatorial Guinea, Estonia, Ethiopia, Fiji, Finland, France, Gabon, Germany, Ghana, Greece, Guadeloupe, Guinea, Guinea-Bissau, Haiti, Honduras, Hungary, Iceland, India, Indonesia, Iran, Ireland, Isle of Man, Israel, Italy, Ivory Coast, Jamaica, Japan, Kenya, Laos, Latvia, Liberia, Luxembourg, Macedonia, Madagascar, Malawi, Malaysia, Maldives, Mali, Malta, Martinique, Mauritania, Mauritius, Mexico, Monaco, Mongolia, Montenegro, Morocco, Myanmar, Namibia, Nepal, Netherlands, Netherlands Antilles, New Caledonia, New Zealand, Nicaragua, Niger, Nigeria, Norway, Oman, Pakistan, Palau, Panama, Papua New Guinea, Paraguay, Peru, Philippines, Poland, Portugal, Romania, Russia, Rwanda, São Tomé and Príncipe, Senegal, Serbia, Seychelles, Sierra Leone, Singapore, Slovakia, Slovenia, Solomon Islands, Somalia, South Africa, Spain, Sri Lanka, St Vincent and Grenadines, Sudan, Suriname, Sweden, Switzerland, Tanzania, Thailand, Trinidad and Tobago, Tunisia, Turkey, Uganda, Ukraine, United Kingdom, United States, Uruguay, Uzbekistan, Vanuatu, Venezuela, Vietnam, Western Sahara, Yemen, Zambia, Zimbabwe</geographicDescription>
                <boundingCoordinates>
                    <westBoundingCoordinate>-175</westBoundingCoordinate>
                    <eastBoundingCoordinate>178.524</eastBoundingCoordinate>
                    <northBoundingCoordinate>82.433</northBoundingCoordinate>
                    <southBoundingCoordinate>-78.159</southBoundingCoordinate>
                </boundingCoordinates>
            </geographicCoverage>
            <taxonomicCoverage>
                <generalTaxonomicCoverage>Crustacea</generalTaxonomicCoverage>
                <taxonomicClassification>
                    <taxonRankName>Class</taxonRankName>
                    <taxonRankValue>Malacostraca</taxonRankValue>
                </taxonomicClassification>
                <taxonomicClassification>
                    <taxonRankName>Class</taxonRankName>
                    <taxonRankValue>Copepoda</taxonRankValue>
                </taxonomicClassification>
                <taxonomicClassification>
                    <taxonRankName>Class</taxonRankName>
                    <taxonRankValue>Ostracoda</taxonRankValue>
                </taxonomicClassification>
                <taxonomicClassification>
                    <taxonRankName>Class</taxonRankName>
                    <taxonRankValue>Branchiopoda</taxonRankValue>
                </taxonomicClassification>
                <taxonomicClassification>
                    <taxonRankName>Class</taxonRankName>
                    <taxonRankValue>Maxillopoda</taxonRankValue>
                </taxonomicClassification>
            </taxonomicCoverage>
        </coverage>
        <maintenance>
            <description>
                <para></para>
            </description>
            <maintenanceUpdateFrequency>continually</maintenanceUpdateFrequency>
        </maintenance>
        <contact>
            <organizationName>Biodiversity and Ecological Data and Information Centre - Royal Belgian Institute for Natural Sciences</organizationName>
            <address>
                <deliveryPoint>Vautierstraat 29</deliveryPoint>
                <city>Brussels</city>
                <postalCode>1000</postalCode>
                <country>BELGIUM</country>
            </address>
            <electronicMailAddress>info@bedic.be</electronicMailAddress>
        </contact>

    </dataset>

    <additionalMetadata>
        <metadata>
            <gbif>
                <dateStamp>2025-09-18T14:24:20Z</dateStamp>
                <citation>Royal Belgian Institute of Natural Sciences: RBINS Crustacea collection https://doi.org/10.15468/xtppux accessed via GBIF.org on 2025-09-18.</citation>
                <formationPeriod>Since 1867</formationPeriod>
            </gbif>
        </metadata>
    </additionalMetadata>
    </eml:eml>
