<?xml version="1.0" encoding="utf-8"?>
<eml:eml xmlns:eml="https://eml.ecoinformatics.org/eml-2.2.0" xmlns:xsi="http://www.w3.org/2001/XMLSchema-instance"
         xsi:schemaLocation="https://eml.ecoinformatics.org/eml-2.2.0 https://rs.gbif.org/schema/eml-gbif-profile/1.3/eml.xsd"
packageId="1785da58-e713-45dd-a3f6-f5c2a89fb3a0"  system="http://gbif.org" scope="system"
xml:lang="en">
    <dataset>
        <alternateIdentifier>10.15468/epfh46</alternateIdentifier>
        <alternateIdentifier>1785da58-e713-45dd-a3f6-f5c2a89fb3a0</alternateIdentifier>
        <alternateIdentifier>https://ipt.biodiversity.be/resource?r=crsenne2023</alternateIdentifier>
        <title>Contrats de Rivière IAS surveillance: monitoring of aquatic and riparian invasive alien species in Wallonia, 2023-2024</title>
        <creator>
            <individualName>
                <givenName>Etienne</givenName>
                <surName>Branquart</surName>
            </individualName>
            <organizationName>Département de l&apos;étude du milieu naturel et agricole (SPW ARNE)</organizationName>
            <positionName>Scientific officer</positionName>
            <address>
                <deliveryPoint>Avenue Maréchal Juin 23</deliveryPoint>
                <city>Gembloux</city>
                <administrativeArea>Namur</administrativeArea>
                <postalCode>5030</postalCode>
                <country>BELGIUM</country>
            </address>
            <electronicMailAddress>Etienne.branquart@spw.wallonie.be</electronicMailAddress>
        </creator>
        <creator>
            <individualName>
                <givenName>François</givenName>
                <surName>Colard</surName>
            </individualName>
            <organizationName>Département de l&apos;étude du milieu naturel et agricole (SPW ARNE)</organizationName>
            <positionName>Expert</positionName>
            <address>
                <deliveryPoint>Avenue Maréchal Juin 23</deliveryPoint>
                <city>Gembloux</city>
                <country>BELGIUM</country>
            </address>
        </creator>
        <creator>
            <individualName>
                <givenName>Pauline</givenName>
                <surName>Ducarme</surName>
            </individualName>
            <organizationName>Contrat de rivière Senne</organizationName>
            <positionName>Expert</positionName>
            <address>
                <deliveryPoint>Place Josse Goffin, 1</deliveryPoint>
                <city>Clabecq</city>
                <postalCode>1480</postalCode>
                <country>BELGIUM</country>
            </address>
            <electronicMailAddress>coordination@crsenne.be</electronicMailAddress>
            <onlineUrl>http://www.crsenne.be</onlineUrl>
        </creator>
        <creator>
            <individualName>
                <givenName>Chrichina</givenName>
                <surName>Bao</surName>
            </individualName>
            <organizationName>Contrat de rivière Vesdre</organizationName>
            <positionName>Expert</positionName>
            <address>
                <deliveryPoint>Parc des Sources – Au Gadot, 24</deliveryPoint>
                <city>Chaudfontaine</city>
                <postalCode>4050</postalCode>
                <country>BELGIUM</country>
            </address>
            <electronicMailAddress>chrichina@crvesdre.be</electronicMailAddress>
            <onlineUrl>https://www.crvesdre.be</onlineUrl>
        </creator>
        <creator>
            <individualName>
                <givenName>Nelson</givenName>
                <surName>Desjardin</surName>
            </individualName>
            <organizationName>Contrat de rivière Semois-Chiers</organizationName>
            <positionName>Expert</positionName>
            <address>
                <deliveryPoint>Rue Camille Joset, 1</deliveryPoint>
                <city>Rossignol</city>
                <postalCode>6730</postalCode>
                <country>BELGIUM</country>
            </address>
            <electronicMailAddress>ndesjardin@semois-chiers.be</electronicMailAddress>
            <onlineUrl>http://www.semois-chiers.be</onlineUrl>
        </creator>
        <creator>
            <individualName>
                <givenName>Elodie</givenName>
                <surName>Crepin</surName>
            </individualName>
            <organizationName>Contrat de rivière Sambre</organizationName>
            <positionName>Expert</positionName>
            <address>
                <deliveryPoint>Rue Monceau Fontaine, 42/20</deliveryPoint>
                <city>Monceau sur Sambre</city>
                <postalCode>6031</postalCode>
                <country>BELGIUM</country>
            </address>
            <electronicMailAddress>elodie.crepin@crsambre.be</electronicMailAddress>
            <onlineUrl>https://www.crsambre.be/</onlineUrl>
        </creator>
        <creator>
            <individualName>
                <givenName>Xavier</givenName>
                <surName>Vicca</surName>
            </individualName>
            <organizationName>Contrat de rivière Ourtge</organizationName>
            <positionName>Expert</positionName>
            <address>
                <deliveryPoint>Place Del Cour, 1</deliveryPoint>
                <city>Harmoir</city>
                <postalCode>4180</postalCode>
                <country>BELGIUM</country>
            </address>
            <electronicMailAddress>cr.ourthe@skynet.be</electronicMailAddress>
            <onlineUrl>https://www.cr-ourthe.be</onlineUrl>
        </creator>
        <creator>
            <individualName>
                <givenName>Florine</givenName>
                <surName>Crutzen</surName>
            </individualName>
            <organizationName>Contrat de rivière Moselle</organizationName>
            <positionName>Expert</positionName>
            <address>
                <deliveryPoint>Burg-Reuland, 24</deliveryPoint>
                <city>Burg-Reuland</city>
                <postalCode>4760</postalCode>
                <country>BELGIUM</country>
            </address>
            <electronicMailAddress>crmoselle@gmail.com</electronicMailAddress>
            <onlineUrl>https://botrange.be/project/contrat-de-riviere-moselle-asbl/</onlineUrl>
        </creator>
        <creator>
            <individualName>
                <givenName>Annabelle</givenName>
                <surName>Gigot</surName>
            </individualName>
            <organizationName>Contrat de rivière Meuse Aval</organizationName>
            <positionName>Expert</positionName>
            <address>
                <deliveryPoint>Place Faniel, 8</deliveryPoint>
                <city>Wanze</city>
                <postalCode>4520</postalCode>
                <country>BELGIUM</country>
            </address>
            <electronicMailAddress>invasives@meuseaval.be</electronicMailAddress>
            <onlineUrl>https://www.meuseaval.be/</onlineUrl>
        </creator>
        <creator>
            <individualName>
                <givenName>Simon</givenName>
                <surName>Beugnies</surName>
            </individualName>
            <organizationName>Contrat de Rivière Haute Meuse</organizationName>
            <positionName>Expert</positionName>
            <address>
                <deliveryPoint>Henri Blès, 190C</deliveryPoint>
                <city>Namur</city>
                <administrativeArea>5000</administrativeArea>
                <country>BELGIUM</country>
            </address>
            <electronicMailAddress>simon.beugnies@crhm.be</electronicMailAddress>
            <onlineUrl>https://www.crhm.be</onlineUrl>
        </creator>
        <creator>
            <individualName>
                <givenName>Quentin</givenName>
                <surName>Pirotte</surName>
            </individualName>
            <positionName>Contrat de rivière Lesse</positionName>
            <address>
                <deliveryPoint>Rue Préhyr, 12F</deliveryPoint>
                <city>Rochefort</city>
                <postalCode>5580</postalCode>
                <country>BELGIUM</country>
            </address>
            <electronicMailAddress>quentin.pirotte@crlesse.be</electronicMailAddress>
            <onlineUrl>http://www.crlesse.be</onlineUrl>
        </creator>
        <creator>
            <individualName>
                <givenName>Marie</givenName>
                <surName>Chariot</surName>
            </individualName>
            <organizationName>Contrat de rivière Haine</organizationName>
            <address>
                <deliveryPoint>Rue des Gailliers, 7</deliveryPoint>
                <city>Mons</city>
                <postalCode>70000</postalCode>
                <country>BELGIUM</country>
            </address>
            <electronicMailAddress>mc@contratrivierehaine.com</electronicMailAddress>
            <onlineUrl>https://www.contratrivierehaine.com</onlineUrl>
        </creator>
        <creator>
            <individualName>
                <givenName>Sarah</givenName>
                <surName>Vande Walle</surName>
            </individualName>
            <organizationName>Contrat de rivière Escaut-Lys</organizationName>
            <positionName>Expert</positionName>
            <address>
                <deliveryPoint>Rue de la Citadelle, bureau2b, 124</deliveryPoint>
                <city>Tournai</city>
                <postalCode>7500</postalCode>
                <country>BELGIUM</country>
            </address>
            <electronicMailAddress>animation@crescautlys.be</electronicMailAddress>
            <onlineUrl>http://www.crescautlys.be</onlineUrl>
        </creator>
        <creator>
            <individualName>
                <givenName>Clément</givenName>
                <surName>Miramont</surName>
            </individualName>
            <organizationName>Contrat de rivière Dyle-Gette</organizationName>
            <positionName>Expert</positionName>
            <address>
                <deliveryPoint>Rue des Andains, 3</deliveryPoint>
                <city>Perwez</city>
                <postalCode>1360</postalCode>
                <country>BELGIUM</country>
            </address>
            <electronicMailAddress>c.miramont@crdg.be</electronicMailAddress>
            <onlineUrl>https://crdg.eu/</onlineUrl>
        </creator>
        <creator>
            <individualName>
                <givenName>Jérémie</givenName>
                <surName>Guyon</surName>
            </individualName>
            <organizationName>Contrat de rivière Dyle-Gette</organizationName>
            <positionName>Expert</positionName>
            <address>
                <deliveryPoint>Rue des Andains, 3</deliveryPoint>
                <city>Perwez</city>
                <postalCode>1360</postalCode>
                <country>BELGIUM</country>
            </address>
            <electronicMailAddress>j.guyon@crdg.be</electronicMailAddress>
            <onlineUrl>https://crdg.eu/</onlineUrl>
        </creator>
        <creator>
            <individualName>
                <givenName>Coralie</givenName>
                <surName>Huberty</surName>
            </individualName>
            <organizationName>Contrat de rivière Dendre</organizationName>
            <positionName>Expert</positionName>
            <address>
                <deliveryPoint>Rue de l’Agriculture, 301</deliveryPoint>
                <city>Ath</city>
                <postalCode>7800</postalCode>
                <country>BELGIUM</country>
            </address>
            <electronicMailAddress>coralie.huberty@contratrivieredendre.be</electronicMailAddress>
            <onlineUrl>https://contratrivieredendre.be</onlineUrl>
        </creator>
        <creator>
            <individualName>
                <givenName>Pascal</givenName>
                <surName>Schmitt</surName>
            </individualName>
            <organizationName>Contrat de rivière Amblève/Rour</organizationName>
            <positionName>Expert</positionName>
            <address>
                <deliveryPoint>Place St Remacle, 32</deliveryPoint>
                <city>Stavelot</city>
                <postalCode>4970</postalCode>
                <country>BELGIUM</country>
            </address>
            <electronicMailAddress>crambleve@gmail.com</electronicMailAddress>
            <onlineUrl>https://www.crambleve.com</onlineUrl>
        </creator>
        <metadataProvider>
            <individualName>
                <givenName>Etienne</givenName>
                <surName>Branquart</surName>
            </individualName>
            <organizationName>Department d&apos;Etude du Milieu naturel et Agricole (DEMNA)</organizationName>
            <positionName>Scientific officer</positionName>
            <address>
                <deliveryPoint>Avenue Maréchal Juin 23</deliveryPoint>
                <city>Gembloux</city>
                <administrativeArea>Namur</administrativeArea>
                <postalCode>5030</postalCode>
                <country>BELGIUM</country>
            </address>
            <electronicMailAddress>Etienne.branquart@spw.wallonie.be</electronicMailAddress>
        </metadataProvider>
        <associatedParty>
            <individualName>
                <givenName>Maxime</givenName>
                <surName>Coupremanne</surName>
            </individualName>
            <organizationName>Belgian Biodiversity Platform - DEMNA</organizationName>
            <positionName>Data liaison officer</positionName>
            <address>
                <deliveryPoint>Avenue Maréchal Juin 23</deliveryPoint>
                <city>Gembloux</city>
                <administrativeArea>Namur</administrativeArea>
                <postalCode>5030</postalCode>
                <country>BELGIUM</country>
            </address>
            <phone>+32479865082</phone>
            <electronicMailAddress>m.coupremanne@biodiversity.be</electronicMailAddress>
            <userId directory="https://orcid.org/">0000-0002-9052-9500</userId>
            <role>PUBLISHER</role>
        </associatedParty>
        <pubDate>
                2025-03-31
        </pubDate>
        <language>ENGLISH</language>
        <abstract>
            
            &amp;#34;Contrats de Rivière IAS surveillance : monitoring of aquatic and riparian invasive alien species in Wallonia, 2023-2024&amp;#34; is a presence only dataset focusing on invasive alien aquatic plants and crayfish collected from the field all over Wallonia (Southern Belgium) since spring 2023. Data are derived from the monitoring of a set of priority ponds and river stretches where observations of IAS were reported in the past to allow site prioritization for management purposes.<para>Data compilation, cleaning and validation were performed by the Département de l’Etude du Milieu Naturel et Agricole (SPW ARNE / DEMNA).</para>&amp;#34;&amp;#34;
        
        </abstract>
        <keywordSet>
            <keyword>Occurrence; RIPARIAS; Contrats rivières; rivers ; freshwater;invasive species; non-native</keyword>
            <keywordThesaurus>GBIF Dataset Type Vocabulary: http://rs.gbif.org/vocabulary/gbif/dataset_type_2015-07-10.xml</keywordThesaurus>
        </keywordSet>
        <keywordSet>
            <keyword>Observation</keyword>
            <keywordThesaurus>GBIF Dataset Subtype Vocabulary: http://rs.gbif.org/vocabulary/gbif/dataset_subtype.xml</keywordThesaurus>
        </keywordSet>
        <intellectualRights>
            <para>This work is licensed under a <ulink url="http://creativecommons.org/licenses/by/4.0/legalcode"><citetitle>Creative Commons Attribution (CC-BY) 4.0 License</citetitle></ulink>.</para>
        </intellectualRights>
        <licensed>
            <licenseName>Creative Commons Attribution 4.0 International</licenseName>
            <url>https://spdx.org/licenses/CC-BY-4.0.html</url>
            <identifier>CC-BY-4.0</identifier>
        </licensed>
        <distribution scope="document">
            <online>
                <url function="information">http://biodiversite.wallonie.be/fr/accueil.html?IDC=6</url>
            </online>
        </distribution>
        <distribution scope="document">
            <online>
                <url function="download">https://ipt.biodiversity.be/archive.do?r=crsenne2023</url>
            </online>
        </distribution>
        <coverage>
            <geographicCoverage>
                <geographicDescription>Wallonia, southern Belgium</geographicDescription>
                <boundingCoordinates>
                    <westBoundingCoordinate>0</westBoundingCoordinate>
                    <eastBoundingCoordinate>6.348711</eastBoundingCoordinate>
                    <northBoundingCoordinate>50.797868</northBoundingCoordinate>
                    <southBoundingCoordinate>0</southBoundingCoordinate>
                </boundingCoordinates>
            </geographicCoverage>
            <temporalCoverage>
                <rangeOfDates>
                    <beginDate>
                        <calendarDate>                2023-04-04
</calendarDate>
                    </beginDate>
                    <endDate>
                        <calendarDate>                2024-12-24
</calendarDate>
                    </endDate>
                </rangeOfDates>
            </temporalCoverage>
            <taxonomicCoverage>
                <generalTaxonomicCoverage>Enhanced surveillance targets a specific list of riparian and aquatic invasive alien species of European Union or Wallonia concern (detailed below).</generalTaxonomicCoverage>
                <taxonomicClassification>
                    <taxonRankName>Species</taxonRankName>
                    <taxonRankValue>Aponogeton distachyos L.f.</taxonRankValue>
                </taxonomicClassification>
                <taxonomicClassification>
                    <taxonRankName>Species</taxonRankName>
                    <taxonRankValue>Ascelpias syriaca L.</taxonRankValue>
                </taxonomicClassification>
                <taxonomicClassification>
                    <taxonRankName>Species</taxonRankName>
                    <taxonRankValue>Cabomba caroliniana A.Gray</taxonRankValue>
                </taxonomicClassification>
                <taxonomicClassification>
                    <taxonRankName>Species</taxonRankName>
                    <taxonRankValue>Crassula helmsii (Kirk) Cockayne</taxonRankValue>
                </taxonomicClassification>
                <taxonomicClassification>
                    <taxonRankName>Species</taxonRankName>
                    <taxonRankValue>Egeria densa Planch.</taxonRankValue>
                </taxonomicClassification>
                <taxonomicClassification>
                    <taxonRankName>Species</taxonRankName>
                    <taxonRankValue>Heracleum mantegazzianum Sommier &amp; Levier</taxonRankValue>
                </taxonomicClassification>
                <taxonomicClassification>
                    <taxonRankName>Species</taxonRankName>
                    <taxonRankValue>Houttuynia cordata Thunb.</taxonRankValue>
                </taxonomicClassification>
                <taxonomicClassification>
                    <taxonRankName>Species</taxonRankName>
                    <taxonRankValue>Hydrocotyle ranunculoides L.fil.</taxonRankValue>
                </taxonomicClassification>
                <taxonomicClassification>
                    <taxonRankName>Species</taxonRankName>
                    <taxonRankValue>Impatiens glandulifera Royle</taxonRankValue>
                </taxonomicClassification>
                <taxonomicClassification>
                    <taxonRankName>Species</taxonRankName>
                    <taxonRankValue>Koenigia polystachya (Wall. ex Meisn.) T.M.Schust. &amp; Reveal</taxonRankValue>
                </taxonomicClassification>
                <taxonomicClassification>
                    <taxonRankName>Species</taxonRankName>
                    <taxonRankValue>Lagarosiphon major (Ridl.) Moss</taxonRankValue>
                </taxonomicClassification>
                <taxonomicClassification>
                    <taxonRankName>Species</taxonRankName>
                    <taxonRankValue>Ludwigia grandiflora (Michx.) Greuter &amp; Burdet</taxonRankValue>
                </taxonomicClassification>
                <taxonomicClassification>
                    <taxonRankName>Species</taxonRankName>
                    <taxonRankValue>Ludwigia peploides (Kunth) P.H.Raven</taxonRankValue>
                </taxonomicClassification>
                <taxonomicClassification>
                    <taxonRankName>Species</taxonRankName>
                    <taxonRankValue>Lysichiton americanus Hultén &amp; H.St.John</taxonRankValue>
                </taxonomicClassification>
                <taxonomicClassification>
                    <taxonRankName>Species</taxonRankName>
                    <taxonRankValue>Myriophyllum aquaticum (Vell.) Verdc.</taxonRankValue>
                </taxonomicClassification>
                <taxonomicClassification>
                    <taxonRankName>Species</taxonRankName>
                    <taxonRankValue>Petasites japonicus (Siebold &amp; Zucc.) Maxim</taxonRankValue>
                </taxonomicClassification>
                <taxonomicClassification>
                    <taxonRankName>Species</taxonRankName>
                    <taxonRankValue>Pontederia cordata L.</taxonRankValue>
                </taxonomicClassification>
                <taxonomicClassification>
                    <taxonRankName>Species</taxonRankName>
                    <taxonRankValue>Saururus cernuus L.</taxonRankValue>
                </taxonomicClassification>
                <taxonomicClassification>
                    <taxonRankName>Species</taxonRankName>
                    <taxonRankValue>Zizania latifolia (Griseb.) Turcz. ex Stapf.</taxonRankValue>
                </taxonomicClassification>
                <taxonomicClassification>
                    <taxonRankName>Species</taxonRankName>
                    <taxonRankValue>Astacus leptodactylus Eschscholtz, 1823</taxonRankValue>
                </taxonomicClassification>
                <taxonomicClassification>
                    <taxonRankName>Species</taxonRankName>
                    <taxonRankValue>Faxonius limosus (Rafinesque, 1817)</taxonRankValue>
                </taxonomicClassification>
                <taxonomicClassification>
                    <taxonRankName>Species</taxonRankName>
                    <taxonRankValue>Pacifastacus leniusculus (Dana, 1852)</taxonRankValue>
                </taxonomicClassification>
                <taxonomicClassification>
                    <taxonRankName>Species</taxonRankName>
                    <taxonRankValue>Procambarus clarkii (Girard, 1852)</taxonRankValue>
                </taxonomicClassification>
            </taxonomicCoverage>
        </coverage>
        <maintenance>
            <description>
                <para>Not planned.</para>
            </description>
            <maintenanceUpdateFrequency>annually</maintenanceUpdateFrequency>
        </maintenance>
        <contact>
            <individualName>
                <givenName>Etienne</givenName>
                <surName>Branquart</surName>
            </individualName>
            <organizationName>Department d&apos;Etude du Milieu naturel et Agricole (DEMNA)</organizationName>
            <positionName>Expert</positionName>
            <address>
                <deliveryPoint>Avenue Maréchal Juin 23</deliveryPoint>
                <city>Gembloux</city>
                <administrativeArea>Namur</administrativeArea>
                <postalCode>5030</postalCode>
                <country>BELGIUM</country>
            </address>
            <electronicMailAddress>Etienne.branquart@spw.wallonie.be</electronicMailAddress>
        </contact>
        <methods>
            <methodStep>
                <description>
                    <para>Site prospection by Contrats de Rivière officers</para>
                </description>
            </methodStep>
            <methodStep>
                <description>
                    <para>Registering observations in the Fulcrum platform (https://www.fulcrumapp.com/)</para>
                </description>
            </methodStep>
            <methodStep>
                <description>
                    <para>Export and generate Darwin Core files for GBIF</para>
                </description>
            </methodStep>
            <sampling>
                <studyExtent>
                    <description>
                        <para>Priority ponds and river stretches, Wallonia, Belgium – April 2023 to present.</para>
                    </description>
                </studyExtent>
                <samplingDescription>
                    <para>For vascular plants, the entire site is prospected looking for target species listed in the taxonomic scope section, including banks and water bodies. The effort is adapted to the size of the site. Baited live traps are used to sample crayfish and their activity period was restricted to 1-2 consecutive trapping nights.</para>
                </samplingDescription>
            </sampling>
            <qualityControl>
                <description>
                    <para>none</para>
                </description>
            </qualityControl>
        </methods>

    </dataset>

    <additionalMetadata>
        <metadata>
            <gbif>
                <dateStamp>2025-09-18T10:14:36Z</dateStamp>
                <citation>Branquart E, Colard F, Ducarme P, Bao C, Desjardin N, Crepin E, Vicca X, Crutzen F, Gigot A, Beugnies S, Pirotte Q, Chariot M, Vande Walle S, Miramont C, Guyon J, Huberty C, Schmitt P (2025). Contrats de Rivière IAS surveillance: monitoring of aquatic and riparian invasive alien species in Wallonia, 2023-2024. Version 1.5. Contrat de rivière Senne. Occurrence dataset https://doi.org/10.15468/epfh46 accessed via GBIF.org on 2025-09-18.</citation>
                <resourceLogoUrl>https://ipt.biodiversity.be/logo.do?r=crsenne2023</resourceLogoUrl>
            </gbif>
        </metadata>
    </additionalMetadata>
    </eml:eml>
