<?xml version="1.0" encoding="utf-8"?>
<eml:eml xmlns:eml="https://eml.ecoinformatics.org/eml-2.2.0" xmlns:xsi="http://www.w3.org/2001/XMLSchema-instance"
         xsi:schemaLocation="https://eml.ecoinformatics.org/eml-2.2.0 https://rs.gbif.org/schema/eml-gbif-profile/1.3/eml.xsd"
packageId="ba1bf66f-863b-46c7-bdce-ec5853c16c55"  system="http://gbif.org" scope="system"
xml:lang="en">
    <dataset>
        <alternateIdentifier>10.15468/ap9ejd</alternateIdentifier>
        <alternateIdentifier>ba1bf66f-863b-46c7-bdce-ec5853c16c55</alternateIdentifier>
        <alternateIdentifier>https://ipt.inbo.be/resource?r=pov-fishes-occurrences</alternateIdentifier>
        <title>Monitoring of fishes and crustaceans by Province East Flanders in Flanders, Belgium</title>
        <creator>
            <individualName>
                <givenName>Filip</givenName>
                <surName>Mahieu</surName>
            </individualName>
            <organizationName>Province East Flanders</organizationName>
            <address>
                <country>BELGIUM</country>
            </address>
            <electronicMailAddress>filip.mahieu@oost-vlaanderen.be</electronicMailAddress>
        </creator>
        <creator>
            <individualName>
                <givenName>Pieter</givenName>
                <surName>Boets</surName>
            </individualName>
            <organizationName>Province East Flanders</organizationName>
            <address>
                <country>BELGIUM</country>
            </address>
            <electronicMailAddress>pieter.boets@oost-vlaanderen.be</electronicMailAddress>
            <userId directory="http://orcid.org/">0000-0001-8183-328X</userId>
        </creator>
        <creator>
            <individualName>
                <givenName>Mechtild</givenName>
                <surName>Zoeter Vanpoucke</surName>
            </individualName>
            <organizationName>Province East-Flanders</organizationName>
            <address>
                <country>BELGIUM</country>
            </address>
            <electronicMailAddress>mechtild.zoeter.vanpoucke@oost-vlaanderen.be</electronicMailAddress>
        </creator>
        <creator>
            <individualName>
                <givenName>Lien</givenName>
                <surName>Reyserhove</surName>
            </individualName>
            <organizationName>Research Institute for Nature and Forest (INBO)</organizationName>
            <address>
                <country>BELGIUM</country>
            </address>
            <electronicMailAddress>lien.reyserhove@inbo.be</electronicMailAddress>
            <userId directory="http://orcid.org/">0000-0001-7484-9267</userId>
        </creator>
        <creator>
            <individualName>
                <givenName>Damiano</givenName>
                <surName>Oldoni</surName>
            </individualName>
            <organizationName>Research Institute for Nature and Forest (INBO)</organizationName>
            <address>
                <country>BELGIUM</country>
            </address>
            <electronicMailAddress>damiano.oldoni@inbo.be</electronicMailAddress>
            <userId directory="http://orcid.org/">0000-0003-3445-7562</userId>
        </creator>
        <metadataProvider>
            <individualName>
                <givenName>Filip</givenName>
                <surName>Mahieu</surName>
            </individualName>
            <organizationName>Province East Flanders</organizationName>
            <address>
                <country>BELGIUM</country>
            </address>
            <electronicMailAddress>filip.mahieu@oost-vlaanderen.be</electronicMailAddress>
        </metadataProvider>
        <pubDate>
                2025-09-14
        </pubDate>
        <language>ENGLISH</language>
        <abstract>
            <para>The Monitoring of fishes and crustaceans by Province East Flanders in Flanders, Belgium is an sampling event dataset published by the Province East Flanders (Belgium). The data are collected from targeted monitoring on non-navigable watercourses, from 1985 onwards. Earlier collected data was digitized afterwards, newly collected data is digitized immediately. Only non-threatened species are presented in this dataset. The data are published as a standardized Darwin Core Archive and includes for each occurrence record an occurrenceID, date, location, quantification, length, weight where available and scientific name. Also the physico-chemical parameters of the watercourses at that moment are given when available. Issues with the dataset can be reported at https://github.com/riparias/pov-fishes-occurrences/issues</para><para>We have released this dataset to the public domain under a Creative Commons Attribution License. We would appreciate it if you follow the INBO norms for data use (https://www.inbo.be/en/norms-data-use) when using the data. If you have any questions regarding this dataset, don&amp;#39;t hesitate to contact us via the contact information provided in the metadata or via opendata&amp;#64;inbo.be.</para>
        </abstract>
        <keywordSet>
            <keyword>Samplingevent</keyword>
            <keywordThesaurus>GBIF Dataset Type Vocabulary: http://rs.gbif.org/vocabulary/gbif/dataset_type_2015-07-10.xml</keywordThesaurus>
        </keywordSet>
        <keywordSet>
            <keyword>LIFE RIPARIAS</keyword>
            <keyword>Province East-Flanders</keyword>
            <keyword>Fishes</keyword>
            <keyword>crustacea</keyword>
            <keyword>Invasive alien species</keyword>
            <keywordThesaurus>n/a</keywordThesaurus>
        </keywordSet>
        <intellectualRights>
            <para>This work is licensed under a <ulink url="http://creativecommons.org/licenses/by/4.0/legalcode"><citetitle>Creative Commons Attribution (CC-BY) 4.0 License</citetitle></ulink>.</para>
        </intellectualRights>
        <licensed>
            <licenseName>Creative Commons Attribution 4.0 International</licenseName>
            <url>https://spdx.org/licenses/CC-BY-4.0.html</url>
            <identifier>CC-BY-4.0</identifier>
        </licensed>
        <distribution scope="document">
            <online>
                <url function="information">https://www.riparias.be/</url>
            </online>
        </distribution>
        <distribution scope="document">
            <online>
                <url function="download">https://ipt.inbo.be/archive.do?r=pov-fishes-occurrences</url>
            </online>
        </distribution>
        <coverage>
            <geographicCoverage>
                <geographicDescription>Flanders</geographicDescription>
                <boundingCoordinates>
                    <westBoundingCoordinate>2.53</westBoundingCoordinate>
                    <eastBoundingCoordinate>5.94</eastBoundingCoordinate>
                    <northBoundingCoordinate>51.51</northBoundingCoordinate>
                    <southBoundingCoordinate>50.67</southBoundingCoordinate>
                </boundingCoordinates>
            </geographicCoverage>
            <temporalCoverage>
                <rangeOfDates>
                    <beginDate>
                        <calendarDate>                1985-10-24
</calendarDate>
                    </beginDate>
                    <endDate>
                        <calendarDate>                2025-06-06
</calendarDate>
                    </endDate>
                </rangeOfDates>
            </temporalCoverage>
            <taxonomicCoverage>
                <generalTaxonomicCoverage>Fishes and crustacea</generalTaxonomicCoverage>
                <taxonomicClassification>
                    <taxonRankName>Class</taxonRankName>
                    <taxonRankValue>Actinopterygii</taxonRankValue>
                </taxonomicClassification>
                <taxonomicClassification>
                    <taxonRankName>Phylum</taxonRankName>
                    <taxonRankValue>Crustacea</taxonRankValue>
                </taxonomicClassification>
            </taxonomicCoverage>
        </coverage>
        <maintenance>
            <description>
                <para></para>
            </description>
            <maintenanceUpdateFrequency>weekly</maintenanceUpdateFrequency>
        </maintenance>
        <contact>
            <individualName>
                <givenName>Filip</givenName>
                <surName>Mahieu</surName>
            </individualName>
            <organizationName>Province East Flanders</organizationName>
            <address>
                <country>BELGIUM</country>
            </address>
            <electronicMailAddress>filip.mahieu@oost-vlaanderen.be</electronicMailAddress>
        </contact>
        <methods>
            <methodStep>
                <description>
                    <para>The source data for this standardized occurrence dataset is retrieved from a web feature service (WFS)</para>
                </description>
            </methodStep>
            <methodStep>
                <description>
                    <para>This data file was uploaded to a github repository (https://github.com/riparias/pov-fishes-occurrences/blob/main/data/raw/)</para>
                </description>
            </methodStep>
            <methodStep>
                <description>
                    <para>We developed a RMarkdown (https://github.com/riparias/pov-fishes-occurrences/blob/main/src/dwc_mapping.Rmd) and SQL (https://github.com/riparias/pov-fishes-occurrences/tree/main/sql) script to document and perform the transformation of the data to Darwin Core,which includes transforming the data to an event core (https://rs.gbif.org/core/dwc_event_2022-02-02.xml), an occurrence extension (https://rs.gbif.org/core/dwc_occurrence_2022-02-02.xml) and a measurement or facts extension (https://rs.gbif.org/extension/dwc/measurements_or_facts_2022-02-02.xml)</para>
                </description>
            </methodStep>
            <methodStep>
                <description>
                    <para>The resulting Darwin Core data files are uploaded to the INBO IPT (https://ipt.inbo.be) and documented with metadata.</para>
                </description>
            </methodStep>
            <methodStep>
                <description>
                    <para>The dataset is published and registered with GBIF.</para>
                </description>
            </methodStep>
            <sampling>
                <studyExtent>
                    <description>
                        <para>Flanders</para>
                    </description>
                </studyExtent>
                <samplingDescription>
                    <para>Targeted monitoring</para>
                </samplingDescription>
            </sampling>
            <qualityControl>
                <description>
                    <para>All inventarisations are performed and controlled by people with sufficient biological knowledge.</para>
                </description>
            </qualityControl>
        </methods>

            <project id="LIFE RIPARIAS">
                <title>Reaching Integrated and Prompt Action in Response to Invasive Alien Species (LIFE RIPARIAS)</title>
                <personnel>
                    <individualName>
                    <givenName>Tim</givenName>
                    <surName>Adriaens</surName>
                    </individualName>
            <userId directory="https://orcid.org/">0000-0001-7268-4200</userId>
                    <role>AUTHOR</role>
                </personnel>
                <personnel>
                    <individualName>
                    <givenName>Etienne</givenName>
                    <surName>Branquart</surName>
                    </individualName>
                    <role>AUTHOR</role>
                </personnel>
                <personnel>
                    <individualName>
                    <givenName>Peter</givenName>
                    <surName>Desmet</surName>
                    </individualName>
            <userId directory="https://orcid.org/">0000-0002-8442-8025</userId>
                    <role>AUTHOR</role>
                </personnel>
                <personnel>
                    <individualName>
                    <givenName>Dido</givenName>
                    <surName>Gosse</surName>
                    </individualName>
                    <role>AUTHOR</role>
                </personnel>
                <personnel>
                    <individualName>
                    <givenName>Jérémie</givenName>
                    <surName>Guyon</surName>
                    </individualName>
                    <role>AUTHOR</role>
                </personnel>
                <personnel>
                    <individualName>
                    <givenName>Damiano</givenName>
                    <surName>Oldoni</surName>
                    </individualName>
            <userId directory="https://orcid.org/">0000-0003-3445-7562</userId>
                    <role>AUTHOR</role>
                </personnel>
                <personnel>
                    <individualName>
                    <givenName>Lien</givenName>
                    <surName>Reyserhove</surName>
                    </individualName>
            <userId directory="https://orcid.org/">0000-0001-7484-9267</userId>
                    <role>AUTHOR</role>
                </personnel>
                <personnel>
                    <individualName>
                    <givenName>Sonia</givenName>
                    <surName>Vanderhoeven</surName>
                    </individualName>
            <userId directory="https://orcid.org/">0000-0002-6298-5373</userId>
                    <role>AUTHOR</role>
                </personnel>
                <personnel>
                    <individualName>
                    <givenName>Xavier</givenName>
                    <surName>Vermeersch</surName>
                    </individualName>
            <userId directory="https://orcid.org/">0000-0003-1752-8226</userId>
                    <role>PRINCIPAL_INVESTIGATOR</role>
                </personnel>
                <abstract>
                    <para>The spread of invasive alien species (IAS) is not hampered by administrative borders. Aquatic IAS, in particular, spread rapidly through the hydrographic network. To effectively control such species requires coordinated management at higher spatial scales. LIFE RIPARIAS (Reaching Integrated and Prompt Action in Response to Invasive Alien Species) aims to achieve such coordination across regional borders in Belgium, supported by open data and open infrastructure for early warning and management reporting. 

LIFE RIPARIAS aims at improving decision making on IAS management, early warning systems and management reporting tools. To this end, it develops an evidence-based workflow, translating national management objectives into concrete actions in an efficient manner. 

Ultimately the project aims at increasing the conservation status of aquatic and riparian habitats.

More information on LIFE RIPARIAS is available at the project homepage: https://www.riparias.be/. You can also follow LIFE RIPARIAS on Twitter (@LIFEriparias) and Facebook (LIFE Riparias).</para>
                </abstract>
                <funding>
                    <para>LIFE RIPARIAS is co-funded by the three Belgian regions and the European Union in the framework of the LIFE Programme (LIFE19 NAT/BE/000953). It is running from 2021 to 2026.</para>
                </funding>
                <studyAreaDescription>
                    <descriptor name="generic" citableClassificationSystem="false">
                        <descriptorValue>Dijle, Mark and Zenne river basin of the Scheldt district, Belgium.</descriptorValue>
                    </descriptor>
                </studyAreaDescription>
                <designDescription>
                    <description>
                        <para>LIFE RIPARIAS focuses on aquatic and riparian plants as well as crayfish species located in the Dijle, Mark and Zenne river basin of the Scheldt district in Belgium. Cumulative observation data collected in 2000-2015, completed by data gathered from field surveillance in 2021-2022, will provide the baseline to design management objectives and define quantitative targets.</para>
                    </description>
                </designDescription>
            </project>
    </dataset>

    <additionalMetadata>
        <metadata>
            <gbif>
                <dateStamp>2025-09-18T10:14:36Z</dateStamp>
                <citation>Mahieu F, Boets P, Zoeter Vanpoucke M, Reyserhove L, Oldoni D (2025). Monitoring of fishes and crustaceans by Province East Flanders in Flanders, Belgium. Version 1.104. Province East Flanders. Sampling event dataset https://doi.org/10.15468/ap9ejd accessed via GBIF.org on 2025-09-18.</citation>
            </gbif>
        </metadata>
    </additionalMetadata>
    </eml:eml>
